品牌,车型,年份款,描述,文件名
五菱,缤果,2023款-至今,,五菱缤果（2023款-至今）.jpg
坦克,300 Hi4-T,2025款-至今,,坦克300Hi4T（2025款-至今）.jpg
坦克,300,2021款-2024款,,坦克300（2021款-2024款）.jpg
坦克,300,2025款-至今,,坦克300（2025款-至今）.jpg
坦克,500 HI4-Z,2025款-至今,,坦克500HI4-Z（2025款-至今）.jpg
奥迪,A4L,2021款-至今,,奥迪A4L（2021款-至今）.jpg
奥迪,A6L,2019款-至今,,奥迪A6L（2019款-至今）.jpg
奥迪,Q5L,2018款-至今,,奥迪Q5L（2018款-至今）.jpg
宝马,3系长轴,2019款-至今,,宝马3系长轴（2019款-至今）.jpg
宝马,5系长轴,2024款-至今,,宝马5系长轴（2024款-至今）.jpg
宝马,X3,2018款-至今,,宝马X3（2018款-至今）.jpg
小米,SU7,2024款,箱垫三件套,小米SU7（2024款-箱垫三件套）.jpg
小米,SU7,2024款,铝合金踏板,小米SU7（2024款-铝合金踏板款）.jpg
小米,SU7,2024款,,小米SU7（2024款）.jpg
小米,YU7,2025款-至今,后备箱垫,小米YU7（2025款-至今）-后备箱垫.jpg
小米,YU7,2025款-至今,,小米YU7（2025款-至今）.jpg
小鹏,G6,2025款-至今,,小鹏G6（2025款-至今）.jpg
小鹏,G7,2025款-至今,,小鹏G7（2025款-至今）.jpg
小鹏,G9,2025款-至今,,小鹏G9（2025款-至今）.jpg
小鹏,M03,2025款-至今,,小鹏M03（2025款-至今）.jpg
小鹏,P7+,2024款-至今,,小鹏P7+（2024款-至今）.jpg
小鹏,P7,2025款-至今,,小鹏p7（2025款-至今）.jpg
日产,轩逸,2023款-至今,,日产轩逸（2023款-至今）.jpg
智界,R7,2024款-至今,,智界R7（2024款-至今）.jpg
特斯拉,Model 3,2023款-至今,后备箱垫,特斯拉Model 3（2023款-至今）-后备箱垫.jpg
特斯拉,Model 3,2023款-至今,铝合金,特斯拉Model 3（2023款-至今）-铝合金.jpg
特斯拉,Model 3,2023款-至今,,特斯拉Model 3（2023款-至今）.jpg
特斯拉,Model YL,2025款-至今,前后备箱,特斯拉Model YL（2025款-至今）-前后备箱.jpg
特斯拉,Model YL,2025款-至今,,特斯拉Model YL（2025款-至今）.jpg
特斯拉,Model Y,2025款-至今,前后备箱,特斯拉Model Y（2025款-至今）-前后备箱.jpg
特斯拉,Model Y,2025款-至今,白灰,特斯拉Model Y（2025款-至今）-白灰.jpg
特斯拉,Model Y,2025款-至今,铝合金,特斯拉Model Y（2025款-至今）-铝合金.jpg
特斯拉,Model Y,2025款-至今,黄白,特斯拉Model Y（2025款-至今）-黄白.jpg
特斯拉,Model Y,2025款-至今,,特斯拉Model Y（2025款-至今）.png
理想,L6 Max,2024款-至今,,理想L6 Max（2024款-至今）.jpg
理想,L6 Pro,2024款-至今,,理想L6 Pro（2024款-至今）.jpg
理想,L6,2024款-至今,后备箱垫,理想L6（2024款-至今）-后备箱垫.jpg
理想,L7 Max,2024款-至今,,理想L7 Max（2024款-至今）.jpg
理想,L7 Pro,2024款-至今,,理想L7 Pro（2024款-至今）.jpg
理想,L8,2023款-至今,后备箱垫,理想L8（2023款-至今）-后备箱垫.jpg
理想,L8,2023款-至今,,理想L8（2023款-至今）.jpg
理想,L9,2022款-至今,后备箱垫,理想L9（2022款-至今）-后备箱垫.jpg
理想,L9,2022款-至今,,理想L9（2022款-至今）.jpg
理想,i6,2025款-至今,,理想i6（2025款-至今）.jpg
问界,M7,2024款-至今,,问界M7（2024款-至今）.jpg
